"0","gmod_expand_functions(mygmod)"
"1","Note: The dataset "
"1",""
"1","df_cost"
"1",""
"1"," created for function "
"1",""
"1","cost"
"1",""
"1",".
"
"1","Note: The dataset "
"1",""
"1","df_FN"
"1",""
"1"," created for function "
"1",""
"1","FN"
"1",""
"1",".
"
"1","Note: The dataset "
"1",""
"1","df_FP"
"1",""
"1"," created for function "
"1",""
"1","FP"
"1",""
"1",".
"
"1","Note: The dataset "
"1",""
"1","df_sens"
"1",""
"1"," created for function "
"1",""
"1","sens"
"1",""
"1",".
"
"1","Note: The dataset "
"1",""
"1","df_spec"
"1",""
"1"," created for function "
"1",""
"1","spec"
"1",""
"1",".
"
"1","Note: The dataset "
"1",""
"1","df_time_payoff"
"1",""
"1"," created for function "
"1",""
"1","time_payoff"
"1",""
"1",".
"
"1","Note: The dataset "
"1",""
"1","df_TN"
"1",""
"1"," created for function "
"1",""
"1","TN"
"1",""
"1",".
"
"1","Note: The dataset "
"1",""
"1","df_TP"
"1",""
"1"," created for function "
"1",""
"1","TP"
"1",""
"1",".
"
